Michael van Lingen -> michael_van_lingen.jpg
Divan la Cock -> divan_la_cock.jpg
Jan Nicol Loftie-Eaton -> jan_nicol_loftie_eaton.jpg
Stephan Baard -> stephan_baard.jpg
Gerhard Erasmus(c) -> gerhard_erasmus_c_.jpg
Jan Frylinck -> jan_frylinck.jpg
David Wiese -> david_wiese.jpg
JJ Smit -> jj_smit.jpg
Pathum Nissanka -> pathum_nissanka.jpg
Kusal Mendis† -> kusal_mendis_.jpg
Dhananjaya de Silva -> dhananjaya_de_silva.jpg
Danushka Gunathilaka -> danushka_gunathilaka.jpg
Bhanuka Rajapaksa -> bhanuka_rajapaksa.jpg
Dasun Shanaka(c) -> dasun_shanaka_c_.jpg
Wanindu Hasaranga de Silva -> wanindu_hasaranga_de_silva.jpg
Chamika Karunaratne -> chamika_karunaratne.jpg
Pramod Madushan -> pramod_madushan.jpg
Dushmantha Chameera -> dushmantha_chameera.jpg
Maheesh Theekshana -> maheesh_theekshana.jpg
Gerhard Erasmus -> gerhard_erasmus.jpg
Bernard Scholtz -> bernard_scholtz.jpg
Ben Shikongo -> ben_shikongo.jpg
Charith Asalanka -> charith_asalanka.jpg
David Warner -> david_warner.jpg
Aaron Finch(c) -> aaron_finch_c_.jpg
Mitchell Marsh -> mitchell_marsh.jpg
Glenn Maxwell -> glenn_maxwell.jpg
Marcus Stoinis -> marcus_stoinis.jpg
Josh Hazlewood -> josh_hazlewood.jpg
Pat Cummins -> pat_cummins.jpg
Mitchell Starc -> mitchell_starc.jpg
Ashton Agar -> ashton_agar.jpg
Binura Fernando -> binura_fernando.jpg
Lahiru Kumara -> lahiru_kumara.jpg
Dasun Shanaka -> dasun_shanaka.jpg
Regis Chakabva† -> regis_chakabva_.jpg
Craig Ervine(c) -> craig_ervine_c_.jpg
Wessly Madhevere -> wessly_madhevere.jpg
Sean Williams -> sean_williams.jpg
Sikandar Raza -> sikandar_raza.jpg
Milton Shumba -> milton_shumba.jpg
Ryan Burl -> ryan_burl.jpg
Luke Jongwe -> luke_jongwe.jpg
Paul Stirling -> paul_stirling.jpg
Andy Balbirnie(c) -> andy_balbirnie_c_.jpg
Lorcan Tucker† -> lorcan_tucker_.jpg
Harry Tector -> harry_tector.jpg
Curtis Campher -> curtis_campher.jpg
George Dockrell -> george_dockrell.jpg
Gareth Delany -> gareth_delany.jpg
Mark Adair -> mark_adair.jpg
Simi Singh -> simi_singh.jpg
Barry McCarthy -> barry_mccarthy.jpg
Josh Little -> josh_little.jpg
Richard Ngarava -> richard_ngarava.jpg
Tendai Chatara -> tendai_chatara.jpg
Blessing Muzarabani -> blessing_muzarabani.jpg
Hazratullah Zazai -> hazratullah_zazai.jpg
Rahmanullah Gurbaz† -> rahmanullah_gurbaz_.jpg
Ibrahim Zadran -> ibrahim_zadran.jpg
Usman Ghani -> usman_ghani.jpg
Najibullah Zadran -> najibullah_zadran.jpg
Mohammad Nabi(c) -> mohammad_nabi_c_.jpg
Azmatullah Omarzai -> azmatullah_omarzai.jpg
Rashid Khan -> rashid_khan.jpg
Mujeeb Ur Rahman -> mujeeb_ur_rahman.jpg
Fareed Ahmad -> fareed_ahmad.jpg
Fazalhaq Farooqi -> fazalhaq_farooqi.jpg
Jos Buttler(c)† -> jos_buttler_c_.jpg
Alex Hales -> alex_hales.jpg
Dawid Malan -> dawid_malan.jpg
Ben Stokes -> ben_stokes.jpg
Liam Livingstone -> liam_livingstone.jpg
Harry Brook -> harry_brook.jpg
Moeen Ali -> moeen_ali.jpg
Chris Woakes -> chris_woakes.jpg
Mark Wood -> mark_wood.jpg
Sam Curran -> sam_curran.jpg
Adil Rashid -> adil_rashid.jpg
Mohammad Nabi -> mohammad_nabi.jpg
Muhammad Waseem -> muhammad_waseem.jpg
Vriitya Aravind† -> vriitya_aravind_.jpg
Chundangapoyil Rizwan(c) -> chundangapoyil_rizwan_c_.jpg
Alishan Sharafu -> alishan_sharafu.jpg
Basil Hameed -> basil_hameed.jpg
Zane Green† -> zane_green_.jpg
Ruben Trumpelmann -> ruben_trumpelmann.jpg
Junaid Siddique -> junaid_siddique.jpg
Zahoor Khan -> zahoor_khan.jpg
Ahmed Raza -> ahmed_raza.jpg
Karthik Meiyappan -> karthik_meiyappan.jpg
Aayan Afzal Khan -> aayan_afzal_khan.jpg
Chirag Suri -> chirag_suri.jpg
Kashif Daud -> kashif_daud.jpg
Zawar Farid -> zawar_farid.jpg
Vikramjit Singh -> vikramjit_singh.jpg
Max O'Dowd -> max_o_dowd.jpg
Bas de Leede -> bas_de_leede.jpg
Colin Ackermann -> colin_ackermann.jpg
Tom Cooper -> tom_cooper.jpg
Scott Edwards(c)† -> scott_edwards_c_.jpg
Roelof van der Merwe -> roelof_van_der_merwe.jpg
Tim Pringle -> tim_pringle.jpg
Logan van Beek -> logan_van_beek.jpg
Fred Klaassen -> fred_klaassen.jpg
Paul van Meekeren -> paul_van_meekeren.jpg
Kyle Mayers -> kyle_mayers.jpg
Johnson Charles -> johnson_charles.jpg
Evin Lewis -> evin_lewis.jpg
Brandon King -> brandon_king.jpg
Nicholas Pooran(c)† -> nicholas_pooran_c_.jpg
Rovman Powell -> rovman_powell.jpg
Odean Smith -> odean_smith.jpg
Obed McCoy -> obed_mccoy.jpg
Akeal Hosein -> akeal_hosein.jpg
Alzarri Joseph -> alzarri_joseph.jpg
Jason Holder -> jason_holder.jpg
Mohammad Rizwan† -> mohammad_rizwan_.jpg
Babar Azam(c) -> babar_azam_c_.jpg
Shan Masood -> shan_masood.jpg
Iftikhar Ahmed -> iftikhar_ahmed.jpg
Shadab Khan -> shadab_khan.jpg
Haider Ali -> haider_ali.jpg
Mohammad Nawaz -> mohammad_nawaz.jpg
Asif Ali -> asif_ali.jpg
Shaheen Shah Afridi -> shaheen_shah_afridi.jpg
Haris Rauf -> haris_rauf.jpg
KL Rahul -> kl_rahul.jpg
Rohit Sharma(c) -> rohit_sharma_c_.jpg
Virat Kohli -> virat_kohli.jpg
Suryakumar Yadav -> suryakumar_yadav.jpg
Axar Patel -> axar_patel.jpg
Hardik Pandya -> hardik_pandya.jpg
Dinesh Karthik† -> dinesh_karthik_.jpg
Ravichandran Ashwin -> ravichandran_ashwin.jpg
Bhuvneshwar Kumar -> bhuvneshwar_kumar.jpg
Arshdeep Singh -> arshdeep_singh.jpg
Mohammed Shami -> mohammed_shami.jpg
Naseem Shah -> naseem_shah.jpg
Najmul Hossain Shanto -> najmul_hossain_shanto.jpg
Soumya Sarkar -> soumya_sarkar.jpg
Litton Das -> litton_das.jpg
Shakib Al Hasan(c) -> shakib_al_hasan_c_.jpg
Afif Hossain -> afif_hossain.jpg
Yasir Ali -> yasir_ali.jpg
Nurul Hasan† -> nurul_hasan_.jpg
Mosaddek Hossain -> mosaddek_hossain.jpg
Taskin Ahmed -> taskin_ahmed.jpg
Hasan Mahmud -> hasan_mahmud.jpg
Shariz Ahmad -> shariz_ahmad.jpg
Shakib Al Hasan -> shakib_al_hasan.jpg
Mustafizur Rahman -> mustafizur_rahman.jpg
Fionn Hand -> fionn_hand.jpg
George Munsey -> george_munsey.jpg
Michael Jones -> michael_jones.jpg
Matthew Cross† -> matthew_cross_.jpg
Richie Berrington(c) -> richie_berrington_c_.jpg
Calum MacLeod -> calum_macleod.jpg
Michael Leask -> michael_leask.jpg
Chris Greaves -> chris_greaves.jpg
Shamarh Brooks -> shamarh_brooks.jpg
Mark Watt -> mark_watt.jpg
Brad Wheal -> brad_wheal.jpg
Josh Davey -> josh_davey.jpg
Safyaan Sharif -> safyaan_sharif.jpg
Quinton de Kock† -> quinton_de_kock_.jpg
Temba Bavuma(c) -> temba_bavuma_c_.jpg
Kagiso Rabada -> kagiso_rabada.jpg
Wayne Parnell -> wayne_parnell.jpg
Lungi Ngidi -> lungi_ngidi.jpg
Keshav Maharaj -> keshav_maharaj.jpg
Anrich Nortje -> anrich_nortje.jpg
Timm van der Gugten -> timm_van_der_gugten.jpg
Finn Allen -> finn_allen.jpg
Devon Conway† -> devon_conway_.jpg
Kane Williamson(c) -> kane_williamson_c_.jpg
Glenn Phillips -> glenn_phillips.jpg
James Neesham -> james_neesham.jpg
Tim David -> tim_david.jpg
Matthew Wade† -> matthew_wade_.jpg
Adam Zampa -> adam_zampa.jpg
Trent Boult -> trent_boult.jpg
Tim Southee -> tim_southee.jpg
Mitchell Santner -> mitchell_santner.jpg
Lockie Ferguson -> lockie_ferguson.jpg
Ish Sodhi -> ish_sodhi.jpg
Aryan Lakra -> aryan_lakra.jpg
Stephan Myburgh -> stephan_myburgh.jpg
Brandon Glover -> brandon_glover.jpg
Shoriful Islam -> shoriful_islam.jpg
Daryl Mitchell -> daryl_mitchell.jpg
Kasun Rajitha -> kasun_rajitha.jpg
Deepak Hooda -> deepak_hooda.jpg
Rilee Rossouw -> rilee_rossouw.jpg
Aiden Markram -> aiden_markram.jpg
David Miller -> david_miller.jpg
Tristan Stubbs -> tristan_stubbs.jpg
Nasum Ahmed -> nasum_ahmed.jpg
Mohammad Haris -> mohammad_haris.jpg
Mohammad Wasim -> mohammad_wasim.jpg
Ebadot Hossain -> ebadot_hossain.jpg
Heinrich Klaasen -> heinrich_klaasen.jpg
Brad Evans -> brad_evans.jpg
Fakhar Zaman -> fakhar_zaman.jpg
Cameron Green -> cameron_green.jpg
Steven Smith -> steven_smith.jpg
Matthew Wade(c)† -> matthew_wade_c_.jpg
Kane Richardson -> kane_richardson.jpg
Gulbadin Naib -> gulbadin_naib.jpg
Darwish Rasooli -> darwish_rasooli.jpg
Naveen-ul-Haq -> naveen_ul_haq.jpg
Rishabh Pant† -> rishabh_pant_.jpg
Tony Munyonga -> tony_munyonga.jpg
Wellington Masakadza -> wellington_masakadza.jpg
Tabraiz Shamsi -> tabraiz_shamsi.jpg
Phil Salt -> phil_salt.jpg
Chris Jordan -> chris_jordan.jpg
Regis Chakabva(c)† -> regis_chakabva_c_.jpg
Mehidy Hasan Miraz -> mehidy_hasan_miraz.jpg
